Model,Task,Layer,Accuracy
2-Class_Model,词汇层_一词多义,0,0.5106382978723404
2-Class_Model,词汇层_一词多义,1,0.5106382978723404
2-Class_Model,词汇层_一词多义,2,0.6808510638297872
2-Class_Model,词汇层_一词多义,3,0.5531914893617021
2-Class_Model,词汇层_一词多义,4,0.5106382978723404
2-Class_Model,词汇层_一词多义,5,0.5106382978723404
2-Class_Model,词汇层_一词多义,6,0.5106382978723404
2-Class_Model,词汇层_一词多义,7,0.5106382978723404
2-Class_Model,词汇层_一词多义,8,0.5106382978723404
2-Class_Model,词汇层_一词多义,9,0.574468085106383
2-Class_Model,词汇层_一词多义,10,0.44680851063829785
2-Class_Model,词汇层_一词多义,11,0.44680851063829785
2-Class_Model,词汇层_一词多义,12,0.5531914893617021
2-Class_Model,词汇层_极性修饰词,0,0.4772727272727273
2-Class_Model,词汇层_极性修饰词,1,0.6136363636363636
2-Class_Model,词汇层_极性修饰词,2,0.5227272727272727
2-Class_Model,词汇层_极性修饰词,3,0.5227272727272727
2-Class_Model,词汇层_极性修饰词,4,0.5227272727272727
2-Class_Model,词汇层_极性修饰词,5,0.5227272727272727
2-Class_Model,词汇层_极性修饰词,6,0.5227272727272727
2-Class_Model,词汇层_极性修饰词,7,0.5227272727272727
2-Class_Model,词汇层_极性修饰词,8,0.5227272727272727
2-Class_Model,词汇层_极性修饰词,9,0.5227272727272727
2-Class_Model,词汇层_极性修饰词,10,0.4772727272727273
2-Class_Model,词汇层_极性修饰词,11,0.5227272727272727
2-Class_Model,词汇层_极性修饰词,12,0.5
2-Class_Model,句法层_比较句式,0,0.5102040816326531
2-Class_Model,句法层_比较句式,1,0.4897959183673469
2-Class_Model,句法层_比较句式,2,0.5102040816326531
2-Class_Model,句法层_比较句式,3,0.4897959183673469
2-Class_Model,句法层_比较句式,4,0.5102040816326531
2-Class_Model,句法层_比较句式,5,0.5102040816326531
2-Class_Model,句法层_比较句式,6,0.4897959183673469
2-Class_Model,句法层_比较句式,7,0.5102040816326531
2-Class_Model,句法层_比较句式,8,0.4897959183673469
2-Class_Model,句法层_比较句式,9,0.5510204081632653
2-Class_Model,句法层_比较句式,10,0.5714285714285714
2-Class_Model,句法层_比较句式,11,0.5102040816326531
2-Class_Model,句法层_比较句式,12,0.46938775510204084
2-Class_Model,句法层_否定句式,0,0.5208333333333334
2-Class_Model,句法层_否定句式,1,0.5208333333333334
2-Class_Model,句法层_否定句式,2,0.5208333333333334
2-Class_Model,句法层_否定句式,3,0.6458333333333334
2-Class_Model,句法层_否定句式,4,0.6458333333333334
2-Class_Model,句法层_否定句式,5,0.5208333333333334
2-Class_Model,句法层_否定句式,6,0.5208333333333334
2-Class_Model,句法层_否定句式,7,0.5208333333333334
2-Class_Model,句法层_否定句式,8,0.5208333333333334
2-Class_Model,句法层_否定句式,9,0.4583333333333333
2-Class_Model,句法层_否定句式,10,0.5208333333333334
2-Class_Model,句法层_否定句式,11,0.5625
2-Class_Model,句法层_否定句式,12,0.5416666666666666
2-Class_Model,语用层_句末语气词,0,0.5
2-Class_Model,语用层_句末语气词,1,0.74
2-Class_Model,语用层_句末语气词,2,0.76
2-Class_Model,语用层_句末语气词,3,0.7
2-Class_Model,语用层_句末语气词,4,0.5
2-Class_Model,语用层_句末语气词,5,0.52
2-Class_Model,语用层_句末语气词,6,0.5
2-Class_Model,语用层_句末语气词,7,0.5
2-Class_Model,语用层_句末语气词,8,0.5
2-Class_Model,语用层_句末语气词,9,0.5
2-Class_Model,语用层_句末语气词,10,0.54
2-Class_Model,语用层_句末语气词,11,0.54
2-Class_Model,语用层_句末语气词,12,0.44
2-Class_Model,语用层_中英夹杂,0,0.5319148936170213
2-Class_Model,语用层_中英夹杂,1,0.6382978723404256
2-Class_Model,语用层_中英夹杂,2,0.6808510638297872
2-Class_Model,语用层_中英夹杂,3,0.6808510638297872
2-Class_Model,语用层_中英夹杂,4,0.5531914893617021
2-Class_Model,语用层_中英夹杂,5,0.5319148936170213
2-Class_Model,语用层_中英夹杂,6,0.5319148936170213
2-Class_Model,语用层_中英夹杂,7,0.5319148936170213
2-Class_Model,语用层_中英夹杂,8,0.5319148936170213
2-Class_Model,语用层_中英夹杂,9,0.574468085106383
2-Class_Model,语用层_中英夹杂,10,0.5319148936170213
2-Class_Model,语用层_中英夹杂,11,0.5319148936170213
2-Class_Model,语用层_中英夹杂,12,0.6170212765957447
2-Class_Model,语用层_粤式反讽,0,0.5
2-Class_Model,语用层_粤式反讽,1,0.5952380952380952
2-Class_Model,语用层_粤式反讽,2,0.5952380952380952
2-Class_Model,语用层_粤式反讽,3,0.5
2-Class_Model,语用层_粤式反讽,4,0.5
2-Class_Model,语用层_粤式反讽,5,0.5
2-Class_Model,语用层_粤式反讽,6,0.5
2-Class_Model,语用层_粤式反讽,7,0.5
2-Class_Model,语用层_粤式反讽,8,0.5
2-Class_Model,语用层_粤式反讽,9,0.5
2-Class_Model,语用层_粤式反讽,10,0.47619047619047616
2-Class_Model,语用层_粤式反讽,11,0.5714285714285714
2-Class_Model,语用层_粤式反讽,12,0.47619047619047616
3-Class_Model,词汇层_一词多义,0,0.5106382978723404
3-Class_Model,词汇层_一词多义,1,0.5106382978723404
3-Class_Model,词汇层_一词多义,2,0.6382978723404256
3-Class_Model,词汇层_一词多义,3,0.5106382978723404
3-Class_Model,词汇层_一词多义,4,0.5106382978723404
3-Class_Model,词汇层_一词多义,5,0.5106382978723404
3-Class_Model,词汇层_一词多义,6,0.5106382978723404
3-Class_Model,词汇层_一词多义,7,0.5106382978723404
3-Class_Model,词汇层_一词多义,8,0.5106382978723404
3-Class_Model,词汇层_一词多义,9,0.5106382978723404
3-Class_Model,词汇层_一词多义,10,0.46808510638297873
3-Class_Model,词汇层_一词多义,11,0.5106382978723404
3-Class_Model,词汇层_一词多义,12,0.574468085106383
3-Class_Model,词汇层_极性修饰词,0,0.5227272727272727
3-Class_Model,词汇层_极性修饰词,1,0.5454545454545454
3-Class_Model,词汇层_极性修饰词,2,0.6363636363636364
3-Class_Model,词汇层_极性修饰词,3,0.6363636363636364
3-Class_Model,词汇层_极性修饰词,4,0.5227272727272727
3-Class_Model,词汇层_极性修饰词,5,0.5227272727272727
3-Class_Model,词汇层_极性修饰词,6,0.5227272727272727
3-Class_Model,词汇层_极性修饰词,7,0.5227272727272727
3-Class_Model,词汇层_极性修饰词,8,0.5909090909090909
3-Class_Model,词汇层_极性修饰词,9,0.5227272727272727
3-Class_Model,词汇层_极性修饰词,10,0.5909090909090909
3-Class_Model,词汇层_极性修饰词,11,0.5909090909090909
3-Class_Model,词汇层_极性修饰词,12,0.45454545454545453
3-Class_Model,句法层_比较句式,0,0.5102040816326531
3-Class_Model,句法层_比较句式,1,0.5102040816326531
3-Class_Model,句法层_比较句式,2,0.4897959183673469
3-Class_Model,句法层_比较句式,3,0.5510204081632653
3-Class_Model,句法层_比较句式,4,0.5102040816326531
3-Class_Model,句法层_比较句式,5,0.46938775510204084
3-Class_Model,句法层_比较句式,6,0.5102040816326531
3-Class_Model,句法层_比较句式,7,0.5102040816326531
3-Class_Model,句法层_比较句式,8,0.4897959183673469
3-Class_Model,句法层_比较句式,9,0.4489795918367347
3-Class_Model,句法层_比较句式,10,0.4897959183673469
3-Class_Model,句法层_比较句式,11,0.5102040816326531
3-Class_Model,句法层_比较句式,12,0.7142857142857143
3-Class_Model,句法层_否定句式,0,0.5208333333333334
3-Class_Model,句法层_否定句式,1,0.5833333333333334
3-Class_Model,句法层_否定句式,2,0.5833333333333334
3-Class_Model,句法层_否定句式,3,0.5208333333333334
3-Class_Model,句法层_否定句式,4,0.5208333333333334
3-Class_Model,句法层_否定句式,5,0.5208333333333334
3-Class_Model,句法层_否定句式,6,0.5208333333333334
3-Class_Model,句法层_否定句式,7,0.5208333333333334
3-Class_Model,句法层_否定句式,8,0.5208333333333334
3-Class_Model,句法层_否定句式,9,0.5208333333333334
3-Class_Model,句法层_否定句式,10,0.5625
3-Class_Model,句法层_否定句式,11,0.5208333333333334
3-Class_Model,句法层_否定句式,12,0.5
3-Class_Model,语用层_句末语气词,0,0.5
3-Class_Model,语用层_句末语气词,1,0.72
3-Class_Model,语用层_句末语气词,2,0.74
3-Class_Model,语用层_句末语气词,3,0.7
3-Class_Model,语用层_句末语气词,4,0.5
3-Class_Model,语用层_句末语气词,5,0.66
3-Class_Model,语用层_句末语气词,6,0.5
3-Class_Model,语用层_句末语气词,7,0.5
3-Class_Model,语用层_句末语气词,8,0.66
3-Class_Model,语用层_句末语气词,9,0.62
3-Class_Model,语用层_句末语气词,10,0.46
3-Class_Model,语用层_句末语气词,11,0.6
3-Class_Model,语用层_句末语气词,12,0.6
3-Class_Model,语用层_中英夹杂,0,0.5319148936170213
3-Class_Model,语用层_中英夹杂,1,0.6808510638297872
3-Class_Model,语用层_中英夹杂,2,0.6595744680851063
3-Class_Model,语用层_中英夹杂,3,0.6808510638297872
3-Class_Model,语用层_中英夹杂,4,0.5319148936170213
3-Class_Model,语用层_中英夹杂,5,0.5319148936170213
3-Class_Model,语用层_中英夹杂,6,0.5319148936170213
3-Class_Model,语用层_中英夹杂,7,0.5319148936170213
3-Class_Model,语用层_中英夹杂,8,0.5319148936170213
3-Class_Model,语用层_中英夹杂,9,0.5319148936170213
3-Class_Model,语用层_中英夹杂,10,0.5319148936170213
3-Class_Model,语用层_中英夹杂,11,0.574468085106383
3-Class_Model,语用层_中英夹杂,12,0.574468085106383
3-Class_Model,语用层_粤式反讽,0,0.5
3-Class_Model,语用层_粤式反讽,1,0.5
3-Class_Model,语用层_粤式反讽,2,0.5476190476190477
3-Class_Model,语用层_粤式反讽,3,0.5
3-Class_Model,语用层_粤式反讽,4,0.5
3-Class_Model,语用层_粤式反讽,5,0.5
3-Class_Model,语用层_粤式反讽,6,0.5
3-Class_Model,语用层_粤式反讽,7,0.5
3-Class_Model,语用层_粤式反讽,8,0.5
3-Class_Model,语用层_粤式反讽,9,0.5
3-Class_Model,语用层_粤式反讽,10,0.5714285714285714
3-Class_Model,语用层_粤式反讽,11,0.5238095238095238
3-Class_Model,语用层_粤式反讽,12,0.7380952380952381
5-Class_Model,词汇层_一词多义,0,0.48936170212765956
5-Class_Model,词汇层_一词多义,1,0.5106382978723404
5-Class_Model,词汇层_一词多义,2,0.6808510638297872
5-Class_Model,词汇层_一词多义,3,0.5106382978723404
5-Class_Model,词汇层_一词多义,4,0.5106382978723404
5-Class_Model,词汇层_一词多义,5,0.5106382978723404
5-Class_Model,词汇层_一词多义,6,0.5106382978723404
5-Class_Model,词汇层_一词多义,7,0.5106382978723404
5-Class_Model,词汇层_一词多义,8,0.5106382978723404
5-Class_Model,词汇层_一词多义,9,0.5319148936170213
5-Class_Model,词汇层_一词多义,10,0.5106382978723404
5-Class_Model,词汇层_一词多义,11,0.48936170212765956
5-Class_Model,词汇层_一词多义,12,0.5319148936170213
5-Class_Model,词汇层_极性修饰词,0,0.5227272727272727
5-Class_Model,词汇层_极性修饰词,1,0.5
5-Class_Model,词汇层_极性修饰词,2,0.6363636363636364
5-Class_Model,词汇层_极性修饰词,3,0.5227272727272727
5-Class_Model,词汇层_极性修饰词,4,0.6363636363636364
5-Class_Model,词汇层_极性修饰词,5,0.5227272727272727
5-Class_Model,词汇层_极性修饰词,6,0.5227272727272727
5-Class_Model,词汇层_极性修饰词,7,0.5227272727272727
5-Class_Model,词汇层_极性修饰词,8,0.5227272727272727
5-Class_Model,词汇层_极性修饰词,9,0.5227272727272727
5-Class_Model,词汇层_极性修饰词,10,0.6136363636363636
5-Class_Model,词汇层_极性修饰词,11,0.5227272727272727
5-Class_Model,词汇层_极性修饰词,12,0.5454545454545454
5-Class_Model,句法层_比较句式,0,0.5102040816326531
5-Class_Model,句法层_比较句式,1,0.5102040816326531
5-Class_Model,句法层_比较句式,2,0.4897959183673469
5-Class_Model,句法层_比较句式,3,0.4897959183673469
5-Class_Model,句法层_比较句式,4,0.4897959183673469
5-Class_Model,句法层_比较句式,5,0.4897959183673469
5-Class_Model,句法层_比较句式,6,0.4897959183673469
5-Class_Model,句法层_比较句式,7,0.5102040816326531
5-Class_Model,句法层_比较句式,8,0.5102040816326531
5-Class_Model,句法层_比较句式,9,0.5102040816326531
5-Class_Model,句法层_比较句式,10,0.5102040816326531
5-Class_Model,句法层_比较句式,11,0.5102040816326531
5-Class_Model,句法层_比较句式,12,0.5918367346938775
5-Class_Model,句法层_否定句式,0,0.5208333333333334
5-Class_Model,句法层_否定句式,1,0.5416666666666666
5-Class_Model,句法层_否定句式,2,0.6041666666666666
5-Class_Model,句法层_否定句式,3,0.5208333333333334
5-Class_Model,句法层_否定句式,4,0.5625
5-Class_Model,句法层_否定句式,5,0.5208333333333334
5-Class_Model,句法层_否定句式,6,0.5208333333333334
5-Class_Model,句法层_否定句式,7,0.5208333333333334
5-Class_Model,句法层_否定句式,8,0.5208333333333334
5-Class_Model,句法层_否定句式,9,0.5208333333333334
5-Class_Model,句法层_否定句式,10,0.5208333333333334
5-Class_Model,句法层_否定句式,11,0.5208333333333334
5-Class_Model,句法层_否定句式,12,0.625
5-Class_Model,语用层_句末语气词,0,0.5
5-Class_Model,语用层_句末语气词,1,0.72
5-Class_Model,语用层_句末语气词,2,0.74
5-Class_Model,语用层_句末语气词,3,0.5
5-Class_Model,语用层_句末语气词,4,0.52
5-Class_Model,语用层_句末语气词,5,0.5
5-Class_Model,语用层_句末语气词,6,0.5
5-Class_Model,语用层_句末语气词,7,0.6
5-Class_Model,语用层_句末语气词,8,0.5
5-Class_Model,语用层_句末语气词,9,0.68
5-Class_Model,语用层_句末语气词,10,0.56
5-Class_Model,语用层_句末语气词,11,0.5
5-Class_Model,语用层_句末语气词,12,0.68
5-Class_Model,语用层_中英夹杂,0,0.46808510638297873
5-Class_Model,语用层_中英夹杂,1,0.5319148936170213
5-Class_Model,语用层_中英夹杂,2,0.6808510638297872
5-Class_Model,语用层_中英夹杂,3,0.6595744680851063
5-Class_Model,语用层_中英夹杂,4,0.5319148936170213
5-Class_Model,语用层_中英夹杂,5,0.5319148936170213
5-Class_Model,语用层_中英夹杂,6,0.5319148936170213
5-Class_Model,语用层_中英夹杂,7,0.5319148936170213
5-Class_Model,语用层_中英夹杂,8,0.5319148936170213
5-Class_Model,语用层_中英夹杂,9,0.5319148936170213
5-Class_Model,语用层_中英夹杂,10,0.5319148936170213
5-Class_Model,语用层_中英夹杂,11,0.5319148936170213
5-Class_Model,语用层_中英夹杂,12,0.574468085106383
5-Class_Model,语用层_粤式反讽,0,0.5
5-Class_Model,语用层_粤式反讽,1,0.5
5-Class_Model,语用层_粤式反讽,2,0.5
5-Class_Model,语用层_粤式反讽,3,0.47619047619047616
5-Class_Model,语用层_粤式反讽,4,0.5
5-Class_Model,语用层_粤式反讽,5,0.5
5-Class_Model,语用层_粤式反讽,6,0.5
5-Class_Model,语用层_粤式反讽,7,0.5
5-Class_Model,语用层_粤式反讽,8,0.47619047619047616
5-Class_Model,语用层_粤式反讽,9,0.5
5-Class_Model,语用层_粤式反讽,10,0.5952380952380952
5-Class_Model,语用层_粤式反讽,11,0.5
5-Class_Model,语用层_粤式反讽,12,0.5714285714285714
