label,text
1,"基本上9成罐都係凹而且燒雞唔係港版，如果係日版應該要標明係平姐，但都唔好9成罐都凹比人囉"
1,我買原味交咗綠茶，想點啫？不過貨運時間快咗又真嘅。
1,又話買一箱有零食送，根本都無，其實如果無得送就唔好寫話有得送啦
1,我要兔仔包裝，送咗呢隻藍色黎好核突囉
1,個箱嚟到已經爛，罐頭甩咗幾個都算，但爆開咗真係好誇張囉
1,買左3包但竟然唔係原箱送黎，俾d又舊又爛嘅紙箱黎pack住，而且又漏氣，真係好離譜，以後幾平都唔會係度買，去返寵物店買起碼都原箱送黎啦
1,呢隻N1似假貨，本身已經灰灰地色，放幾日發哂霉，出哂d黑點！吸水能力差，一剷就散哂，點用呀…大家小心，千祈唔好再買！
1,唔知點解呢包嘢有浸怪味有啲臭係咪壞咗？定係佢浸味係咁㗎？
1,十罐係儲物櫃拎，有四罐都係笠左，雖然係罐頭，但唔可以係咁囉
1,又話特擊送公仔，乜都冇喎！好心冇就唔好話送啦！
1,大佬玩野？包裝爛既都賣得比人？用膠紙封住當無事？！啲沙漏埋出黎 痴埋膠紙即係你知爛嫁啦 爛既都賣？
1,"基本上9成罐都係凹，而旦燒雞唔係港版，如果係日版應該要標明，係平姐，但都唔好9成罐都凹比人囉"
1,收到的罐頭是這樣的！係本身有事？定運送有事？凹到咁，我唔敢比我隻貓食囉
1,完全無包裝，有一包個袋爛左，一拎起就倒瀉，好心點都包下啦，個包裝袋咁鬼薄。
1,同我買開嘅唔一樣，希望無問題吧
1,其實行貨或水貨貓糧都無所謂。最重要日期新鮮無穿冇爛就可以啦！今次最新食用日期為2025年4月份！各位貓奴可以參考一下。
1,活動寫住買滿60就有得送一排飲嘢，買咗两箱乜都無送到，說好的贈品呢？？？
1,一直貓咪都食開的！今晚價錢抵啊！
1,好少減價，做多啲減價啦！
1,平均$7一枝應該算平啦
1,"其實我都唔只訂hktvmail一次，但呢次之後真係唔會再訂，1月21號會送貨，點知來到只有兩件貨，又唔講其他嗰啲貨幾時會再到，問送貨員幾時會送，又話唔知唔關佢事，問佢有冇CS 電話，佢又話呢間公司係冇電話，咁我十問十不知嘅情況下，我唔收果嗰兩件貨，過左10分鍾先send個e mail 黎話24號先送貨。送唔到貨唔緊要，仲要唔比人揀日子，人地24號本身有事做都要為左等送貨而改期，好啦，到左24號送貨日，拆開啲嘢黎睇，碎晒， 夾扁晒，仲夾到爆開咗。完全冇電話可以申訴，只可以話我唔會再訂。"
1,"買12包⋯12包都漏氣，唔怪得咁平啦🌝，如果唔係要一次過買糧⋯真係唔會買,無下次嚕"
1,收到的罐頭是這樣的！係本身有事？定運送有事？凹到咁，我唔敢比我隻貓食囉
1,花生都有盒裝，呢盒盒裝飲品竟然係裸裝在膠袋内，好彩無漏出黎啫！
1,好大隻喎！巨大肉厚！貓貓聞到就瘋狂追住食🫶🏻
1,我要兔仔包裝，送咗呢隻藍色黎好核突囉
1,"已經開咗封 就唔好送貨俾人啦"
1,十罐係儲物櫃拎，有四罐都係笠左，雖然係罐頭，但唔可以係咁囉
1,一打開就係酸臭腐肉味！如果你聞過死老鼠味應該知我講咩味！請檢查貨品質素！太嚇人啦😕
1,請問送黎時已經開左咁大嘅口係咩玩法呢？唔該退錢呀！！
1,個幾星期前買完，到今日拆開出嚟好似發晒霉咁，咁樣正常咩？
1,一路有訂開，唔知點解今次pack貨有效日期只係得3個幾月. 又唔係超特價，嚴格黎講係貴過樓下百佳，都唔]明點解要送近期貨黎. 雖然會飲得晒，但感覺唔好囉， . 下次唔好喇!
1,發現有不足17.5L 的情況! 即是貨物與說明示符喇， 以後仲點買得安心呀?!
1,我購買此商品數量是4..但只收到2件，這是正常情況嗎？
1,寫明會免費送貓砂墊，根本就冇！呃人。是旦比左個公仔黎，冇晒貨咪通知我囉
1,諗住買3包一箱過，點知變咗一包包散裝。下次唔洗一次買咁多啦?
1,3包優惠價+VIP優惠，平均每包$85.5，抵呀！送貨效率又高
1,"包鍾意食🐈🐈‍⬛買啦買啦買啦🐈‍⬛🐈罐罐
1,"買左好多次 唔比5星對唔住自己但屋企真係好多個膠桶啦。。。"
1,貓貓好鍾意食，下次要買大量囤貨先得啦!
1,用咗幾日，皮膚明顯冇咁紅啦，希望佢啲毛真係可以生番出嚟啦
1,細細罐好啱我啲貓宵夜啦，或者係下午茶😻😹😸屋企三隻貓全部都鍾意食。
1,第一次試，OK啦。貓咪喜歡。
1,一站式服務 如果每月有 產品最低價 咁就更加好啦
1,肉質鮮嫩， 只是太細舊啦，1家4口可以一次食曬16枝
1,已是n次回購，如果不是好吃又不會多次購食啦。
1,好味，$40買，淨係兩隻雞脾都要啦。重要的是 同之前o係hktv買另一牌子$120既鹽焗雞一樣味道，仲一樣咁大隻。會再回購這款。不過唔會成日食，因為咁大隻驚多激素。
1,又話買一箱有零食送，根本都無，其實如果無得送就唔好寫話有得送啦
1,"轉過其他牌子 貓貓們情願餓都唔食其他😑睇嚟好好食 惟有繼續買 溝其他糧一齊食啦 不過次次送貨嚟，包裝都好好 咁重送上嚟，辛苦哂送貨哥哥啦🙏"
1,"我兩隻貓最貓吃粒粒雞肉 下次會再購買呀！"
1,好味😋！好多芝麻蓉，正呀！
1,"平均90蚊一包 ,抵到爛呀! 送貨哥哥有禮貌好交帶， 加埋十粒星！"
1,$88 平呀，在有95折.
1,幾時會返貨啊？我個女冇得食呀！
1,好大隻喎！巨大肉厚！貓貓聞到就瘋狂追住食🫶🏻
1,大佬玩野？包裝爛既都賣得比人？用膠紙封住當無事？！啲沙漏埋出黎 痴埋膠紙即係你知爛嫁啦 爛既都賣？
1,這款貓砂我一直在用，我家有3⃣️只小貓咪，目前是最好用的一款貓砂，趁做特價的時候我買了9包（85一包）哈，現在王維基綱上購物超級方便，送貨上門服務?東西真係物美價廉呀，有特價會繼續買的！感謝?
1,第一次買.包裝非常好呀👍🏻
1,再再一次回購！貓主子愛用呀！
1,好大罐！正呀！價錢合理，用個紙盒同我pack 好啲罐同乾糧，仲送咗小玩具🥰謝謝！
1,買一包小食，竟然送個小玩具，好窩心呀！
1,包裝好好呀，謝謝店家另送上小禮品，貓咪們大愛
1,199/2包 好抵呀 仲要係VIP日買
1,我住村揀送貨，你哋又要停車場自取你個死人司機到咗先通知我攞嘢，等咗我冇2分鐘就開車走人，你到咗先通知我落樓都要時間㗎，你哋送貨質素差咁我自取囉，自取你哋又要寫錯營業時間，玩我呀🤬"
1,好快，上晏落夜晚到。。掂呀
1,好好味呀，真係👍👍👍👍👍😋😋早唞
1,"收到貨後, 開口有滲漏現象呀"
1,一直用緊，幾時有貨呀？
1,注意呀 ！一口食曬嘅小羊架……
1,買左兩包尿片 兩包個包裝都好污糟 搵個膠袋入住佢都好呀 bb用既野整到甘污糟。。。
1,盒野咁細盒，唔使俾咁大個紙盒呀嘛？
1,嚇到我彈起呀！岩岩開呢包貓砂倒出嚟，突然有隻曱甴🪳一齊倒咗出嚟，隻曱甴仲好活躍，爬咗出盤邊。成包貓砂唔要得。回購買咗好幾次，第一次有咁嘅問題！
1,今晚收到12條羊肉條為何食物有效期是2025-09而不是你哋網店標出的有效期2026-08-01很離譜，你哋將D到期貨品給我，我唔係唔使比錢呀店主! 
1,就咁用膠袋裝 都算 仲要發錯貨 點用呀？
1,"離晒譜，數量係唔啱嘅⋯⋯明明訂兩盒！點可以咁樣！超級超級超級差！盒裝嗰盒，好似曾經開過咁！ 跟住散裝嘅只得六包！發生咩事呀？"
1,咁樣嘅貨 點出得街呀？
1,"我買左呢個5條裝, 但冇送到""絲潔萬用紙"" 囉!!"
1,以前好好用，呢批砂超唔掂，貓仔一去小便就勁臭，完全冇左吸臭功能，勁臭呀！懷疑呢批貨既質素係咪有問題？ 我仲要買左6包?有冇得換貨？ 呢批貨完全堅有問題?
1,有無搞錯呀?點解可以凹成咁
1,"膠袋越黎越薄 貓沙越黎越易變成粉  請問係咪轉左生產地呀  覺得似假野 以前買唔係咁"
1,諗住買3包一箱過，點知變咗一包包散裝。下次唔洗一次買咁多啦?
1,之前都好地地，但今次購物體驗真係好差，你做promote 第一次送唔齊唔緊要，我體諒你地大多人買送唔切，最緊要最後送到比我就ok。結果星期一同朋友睇完戲食食下飯突然之間就cut左我單，話咩為左「保障我既利益」「廢事我等」所以cut左。我同朋友即時鬧左出聲，大佬呀，你顧及我既利益最cut單之前最低限度係咪應該打個電話/email黎商量下呢，check下係咪缺貨又唔係，大模斯樣比人買，真係火都滾埋。最後同你地客服交涉叫你地唔好cut又唔得話已經退左叫我重新落，原本買夠600蚊免到運到最後搞到差4蚊，嘈左一輪先拎到個優惠碼免到運費。你地d處事手法自作聰明到咁真係白痴到，浪費大家時間。
1,大佬呀 今次搞咩呀 d砂既色勁差 勁暗淡 無曬綠茶味 原來88蚊清貨就係呢種質素 唉！
1,為何我買6包不昰原箱送貨的，包裝上的日期是2020年6月4日是製造日期還是已經過左期呀？
1,"我訂5包， 送左4包黎packing 係&#40;一箱2包， 送左2箱&#41;， 送貨時要求放門口， hktv話放門口唔包遺失， 唔退錢！ 大佬呀， 我成張單所有野都係度， 邊有遺失， 偷都唔會偷一包沙啦！ "
1,好地地訂4pack一箱，執貨的唔知點解要拆開黎送， 一pack要用個膠袋入住，唔駛講比送貨壓扁啦。可否專業啲呢
1,"這是第3次購買, 皆因之前的確很好, 收到的包裝 每隻蠔獨立明確 - 隻隻可數. 需要煮幾多隻, 就取幾多隻.      但....... 但.......今次收到的𧐢  ****全數集體連結冰封****  我怎樣拿取所需數量煮吃? 即是要我全部解凍, 才能取出煮食.  但餘下解凍的放回冰箱, 絕對影響蠔的質素.  對此, 我好懷疑從 此包蠔.... 在某處/某個時段,   未有好好做足保冷....., 另每隻原已冰封蠔隻 的冰 ....溶掉,  然後再把溶解成水的蠔再放回冷藏,  因而仍成 所有蠔隻集體冰封鎖在一起.   麻煩你們倉庫 取貨派送 或 門市收貨員 留意這點.  今次收貨 我有點失望. 希望下次 不要這樣. 唔該呀!"
1,點解袋中可以放零食？黎到已經唔係真空。係咪唔行貨呀？同係超市買嘢唔同⋯⋯
1,請問稀到好像水+油那樣，正常嗎？怎麼塗面包呀？
1,"我買左呢個5條裝, 但冇送到""絲潔萬用紙"" 囉!!"
1,你比貨 係比左呢款雞肉 85g比我，你兩款產品 用同一張相 日文字係 一樣的！鰹魚果款圖片 翻譯係雞肉果款囉 ，可否自己睇返自己係咪有問題先而話客唔岩先😓
1,"貨品說明到打 17.5L,但到貨之後覺得唔對路，先知原來係包裝上面係寫17.5N &#40;6.4 KG&#41; 好唔好用就未知，但係好似俾人呃左囉 :&#40;"
1,一箱24罐有四罐凹咗囉…但係又趕住比貓食，廢事退。唔明點解整箱送來都可以咁。
1,唔鍾意評論咪唔評囉。你地啲送貨員又冇禮貌。貨款就識收，冇貨又唔講，成日都小左件貨，問你地客服全部都理解能力極底得個嬲字，當蝕比你地都費事追
1,收到貨已經融雪濕立立，我明送貨哥哥都好辛苦，甘大間公司唔夠人手又要接囉，接咗又要唔準時送來，遲咗兩個鐘，啲食品都冇品質保證啦！
1,一開發現好水，唔形成泡泡，再睇日期下年2月就過期。倉底貨應該寫清楚囉，藥力會受影響。購買前三思。
1,係幾好味。肉林，但唔係因為有好多肥肉喎，咁係點解呢？係咪落咗啲鬆肉粉呢？解凍後見到橙橙地色，唔係豬肉應有既顏色。咁係咪加咗野染色呢？太多疑問，下次都係唔買嚕～
1,我最唔滿意係今次hktvmall送貨員工態度，第一係冇wts聯絡我，第二係按完鐘冇講乜水，我問係咪hktvmall送貨？佢超級細聲答唔知乜，我聽唔到㗎，我見到制服先開門，加上佢染到個頭好金點知乜水按門鐘吖，仲要企到咁側，另外唔滿意係其中一條廁紙整到包裝袋咁樣囉，雖然唔係食物或急凍嘢，但廁紙都屬衛生問題係咪小心啲好呢？今次訂6條目測得呢條係穿咗，仲有個角一點點黑嘅污糟，依家唔知好唔好為咗一條廁紙要申請退換，明白生意唔容易，只係作為消費者絕對唔想見到呢種情況，如果問題不大都唔想麻煩返自己搞一餐，請注意下
1,"大佬～我買6包⋯得兩包正常企得穩其餘果幾包下盤都係棋得唔穩⋯全部都要打橫放雪櫃囉！"
1,"貨送到時 個盒頂已經係爛嘅 其實就唔係最重要 重要的是每個頂其實已經被壓凹咗 咁樣真係唔係咁好囉 買六支得一支係完整"
1,噴吾到出黎囉 禁左好耐 仲要流出黎
1,貨係好既，但送貨安排真係令人崩潰，完全唔夠人力囉。唔該加多d送貨專員，否則真係好難再幫襯HKTVmall. 
1,拎了恒生$800 送$80優惠，再加呢個$659嘅特價實在太好啦⋯5L而係冇流出黎囉踢得好好用個紙箱xpack得好好個蓋都冇任何漏⋯啊之前嗰啲再嬲到周圍都係
1,未食就要評價，不停唔同信息要你評，咪囉
1,"唔明點解20包唔係一箱, 係用背心膠袋裝, 太奇怪啦"
1,請問稀到好像水+油那樣，正常嗎？怎麼塗面包呀？
1,3個主子都有食，如果平d就好，同出面門市價格差不多，用不著網購囉
1,"不太濕又不太乾, 好用!舊價係平, 所以呢半年不斷回購...正想回購, 但發現個價加左 80%...如果分開兩三次加去 $18, 會易啲接受囉!"
1,原來最平應該係$88囉
1,個手抽位爛都唔緊要，但我唔係訂咖啡味喎！麻煩換貨
1,貓貓喜歡，不過價錢貴左D囉….
1,"本來朋友同我講我都唔信，叫我唔好轉用返舊嗰個牌子嘅豆腐貓砂，但係我又想試吓大容量喎，點知就真係中伏，未用之前秤下啲重量，居然發現有咁大分別，我訂左18L既小白豆腐貓砂，連埋包裝秤都係得6.4 kg，平時用開7L重3.2kg，小學生都識計算，按7L比例計算番18L嘅重量應該係8.2幾kg先啱！有咩理由係兩包7L=一包18L?我又同時買咗N1嘅17.5L居然都係重6.4kg，我想供應商俾返個合理解釋俾我囉，睇到之前有位VIP仁兄留言話希望係錯覺，但係而家事實話俾我知：容量與貨品包裝標示不符，有被騙嘅感覺，會唔會有可能涉及違反商標法？我相信Hktvmall咁大間網上商店會幫我跟進下掛"
1,"講明包裝有問題...有損壞。入面已經唔係真空, 糧食嚟㗎喎。你唔真空貓貓點食啊？仲要唔退貨退款？"
1,佢凹咗都算啦 可能係運輸過程中凹咗。但係佢生晒銹喎？？？？？貓貓肚好返少少諗住餵罐罐，結果一打開三罐都係咁？？？？？都唔知食唔食得
1,凹晒喎，大佬。呢啲真係唔知邊個負責啦
1,又話特擊送公仔，乜都冇喎！好心冇就唔好話送啦！
1,唔係好明點解網購嘅Mousse都會係咁，自己出街買嘅，都會完好無缺喎🤔
1,總代謝能65.42kcal/100g，總代謝能39.252kcal/罐，咁低卡路里！1kg幼貓要食4罐半，先吸收到足夠卡路里喎。亦無添加其他營養和礦物質，不能作為幼貓主食罐。
1,真係壓到扁晒，不過又冇漏奶喎，想換都換唔到！
1,當中有兩卷有污漬，好似發霉喎
1,加購物車時話有廚房紙送，之後我無再留意，依家先醒起點解無嘅？但見到依家買係仲有得送喎，有啲騙人感覺
1,頂，買完之後有減價喎。包砂係好用既
1,隻貓真係好鍾意食喎，好彩睇咗評價，買咗1罐試食，隻貓食到停唔到口
1,真帶子，粒粒形狀不同，好食喎😋唔明點解樓下話係假帶子😆特價會再回購
1,"粉塵都幾大，一倒砂剷兩剷已經冒出明顯粉塵 之前用其他款都冇咁誇張諗住試下呢款，用完應該唔再買喇"
1,"1&#41; 訂單指明18:00-21:00送貨但4:30pm打黎話已經放左係門口就算，咁個時間選擇黎做咩？請問一陣貨品唔見被偷，係唔係貴公司會賠返?2&#41; 貴公司apps寫明要客人簽收貨品，請問係唔係職員可以冒簽/代簽當交左貨？"
1,好用喎，洗左一次耳仔keep住尼兩日都乾淨，用開某牌子洗完第二日又係好污糟，認識得太遲
1,猫🐱們食了這個品牌一段時光喇，都冇乜吾妥，食得都幾滋味甘樣，所以可以繼續買，佢哋似未食厭噃！
1,回購好多次見特價$95再買兩包 。粉塵都係有架喇 無計
1,"易剷唔黐盆，都幾重奶味，重到遮蓋到便便臭味 想加單先發現冇貨喇 希望商戶快啲補返貨"
1,抵食喇....主子好鍾意食..
1,都算抵用...標明有機應該好過平時個d普通個d喇....
1,"性價比高 抵買 如果可以厚多少少就好喇"
1,原箱3大包＄249.9 GVIP再95折 好抵買～ 品質唔錯，無真空包裝所以唔可以囤貨。   如果有埋真空包裝就5星完美喇。
1,貪唔使拎，辛苦送貨員喇，thz
1,原箱3大包＄249.9 GVIP再95折 好抵買～ 品質唔錯，無真空包裝所以唔可以囤貨。   如果有埋真空包裝就5星完美喇。
1,貓貓好喜歡吃，細細粒可以控制佢哋唔會食太多！如果平啲就最好喇！
1,實在太細喇！全部都係骨！
1,坦白講😅本人覺得如果用正常價錢買嘅話就唔好喇，因為就連最基本貼既位都貼得唔好，離哂， 不過換購價就算😅
1,"一路有訂開, 唔知點解今次pack貨有效日期只係得3個幾月. 又唔係超特價, 嚴格黎講係貴過樓下百佳, 都唔明點解要送近期貨黎. 雖然會飲得晒, 但感覺唔好囉, . 下次唔好喇!"
1,"粉塵都幾大，一倒砂剷兩剷已經冒出明顯粉塵 之前用其他款都冇咁誇張 諗住試下呢款，用完應該唔再買喇"
1,已經唔係第一次，上次又係咁，個盒扁晒，本身已經好滿㗎喇，整扁晒個盒一開就即漏晒出嚟，真係以後唔會再喺度買，好失望🤦🏻‍♀️
1,"包裝上寫國產品，就係代表日本制，無寫的話就是大陸制/泰國制。但係，喺 HKTVmall 呢間舖買呢包肉泥，個包裝係有 （國產品） 呢三個字，但係對比我喺 Dxxki 買嗰包，Dxxki 買個包裝係銀底同埋印刷清楚好；剛剛喺 HKTVmall 買既呢包，貼左係泰國制，撕開張貼紙，個袋係日本制。 我對呢包野就完全無信心喇，16蚊啫，會掉左佢喇，怕食壞左隻貓睇醫生仲貴。"
1,"長幼條型 包裝緊密 奶味😍羨慕人地落單有sample送 我落咗幾次單都冇 嗚🥲😂😂😂"
1,準時，包裝好，下次再回購，謝謝你的贈品，貓貓好喜愛喔！
1,"呢隻混合貓砂比原本的更好用, 真的不黏底, 會keep住買, 請保持質數喔~~"
1,"5位主子甚喜歡,多折就多買喔！"
1,"$70有送贈品👍🏻但今次送貨好過份！！！完全無WhatsApp通知，之後我落一落樓無耐就放喺門外地上。仲要放門前，封住入屋嘅路😑好嬲呀！正常送貨完全唔會咁做，唔WhatsApp通知，都應該放門側係常識。"
1,準時，包裝好，下次再回購，謝謝你的贈品，貓貓好喜愛喔！
1,我訂的是原圖的。相機第三款。但送來的式樣不同。品質也有差別。3隻猫都不吃喔! 如果你公司無貨。就退錢。不應該俾第二隻貨我。 
1,件貨係靚嘅， 結構亦好穩陣， 但係邊緣大峰利，要自己做返D手工先得囉
1,到貨已經係打開左 不過我諗唔係刻意打開  檢查過裏便三支藥都冇問題同埋Expire day未過 下次麻煩留意一下啦
1,點解D湯係灰色既？係咪正常？貓咪第二罐已經唔食啦
1,寫明會免費送貓砂墊，根本就冇！呃人。是旦比左個公仔黎，冇晒貨咪通知我囉
1,冇貨又唔早講 要分開2次送又唔講 係咪生意太多做唔切 咁我去第二間買啦
1,啲糧勁油 出晒水咁 我之前喺第2啲地方買嘅同一款糧都未試過咁
1,02/24 到期也太快了吧？如果知道咁快到期就唔買啦
1,3月買咗三包，今天用第二包，發現好似係用過翻賣咁，如圖咁樣.....開埋第三包亦都係咁，正常品質應唔會係咁，要退貨啊！
1,呃人幫襯，其實唔送貨，只係退錢⋯⋯咁即係冇優惠啦
1,一打開就係酸臭腐肉味！如果你聞過死老鼠味應該知我講咩味！請檢查貨品質素！太嚇人啦😕
1,請問送黎時已經開左咁大嘅口係咩玩法呢？唔該退錢呀！！
1,好嬲！比左$6XX得個4個罐頭貨放門口！下次唔駛訂啦
1,十罐係儲物櫃拎，有四罐都係笠左，雖然係罐頭，但唔可以係咁囉
1,"根據商品說明條例。唉~算啦，睇圖啦。仲要貴過其他網站。事件其實好嚴重，建議HKTVmall 直接3日內聯絡我。"
1,"一直都用開買開，產品是唔錯。但今次收到貨3包有1包已穿洞漏氣，送貨時見一個大膠箱擺好多嘢，撞都撞穿，可否出貨時唔好咁求其呢，以前都係有紙箱裝膠袋就保護到，就算環保都需保護好客人的貨品啦，唔好咁求其啦"
1,買咗兩碌兩碌個蓋都未蓋好漏晒嘢出嚟，連紙皮都濕埋……..不過送咗條紙巾就算啦⋯⋯🙊
1,當中有兩卷有污漬，好似發霉喎
1,兩箱都是抽紙，冇得退貨得退錢，退錢40幾蚊，我唔覺得合理咯
1,"買左瑞典版，上面網頁上寫產地瑞典，下面又寫星加波。收貨之後點知產地又係星加波？咩事呀？！請回覆！"
1,外盒沒損壞，但罐頭下陷！應該check好才出貨吧！
1,"最近購買的紙品包裝到手都是這樣 4 pack 好心就一箱咁出貨 下次包裝再凹成咁就唔收貨啦 咁款減價都未必有人買！"
0,今次購入價是最便宜，抵！
0,貓貓只肯吃這款罐頭，一打開，超香。
0,原來雜貨店賣$35，現hktv mall賣$45?又話最平嘅?
0,$165 買，有 1/3 係連埋蠔汁痴埋一舊，即係曾經溶過雪，不過唔記得咗搞退貨所以算數。食到有幾隻有怪味，希望下次好啲。
0,第一次買因為用開隻貓砂斷貨。唔係好鍾意佢陣味，不過好過原味少少。主子都唔鍾意，唔肯入去廁所
0,抵用👍🏻只係雲呢拿味比較重咗少少😅😅😅
0,"等了很久終於有貨返！！!此牌子是我用過的木砂分解得最好和最吸臭，可能其他貓奴覺得冲落厠所有塞去水的情況，其實只要撥砂的時候按一下冲水，邊按邊倒不要一次過全部倒傾倒落厠所才沖水，便不會有這樣的情況發生。"
0,猫不吃肉條，衹肯吃糊狀，見産品寫肉泥才買，但原來入面超多肉絲
0,以前我幾隻貓成日病，成日要睇醫生，獸醫話貓同人一樣有身邊强亦有身邊弱，自從呢幾年，幾隻貓都轉左呢隻罐罐，已經好耐冇去睇醫生，仲超級鐘意食
0,"1.8L × 12枝 = 21.6L 21.6L = 47.6lb 如果原箱送嚟，真係好重 我收貨係3至4枝用一個膠袋袋住，有d 企唔穩就瞓曬喺地，有D膠袋重穿埋，真係好呢hea。希望可以改善個包裝，4枝一箱，等我地收貨嘅都好搬D"
0,我買12包全部21年12月，個袋超殘，邊位車得超差，見到人哋買一包都22年到期，又有2021嘅月曆，勁失望
0,"之前未用過，見咁多人買所以試吓，點之伏到爆！"
0,品質欠佳，打開有臭魚味，肉嘅顏色都黑黑地
0,無睇清楚係冇防偽貼紙就買咗，一打開同有貼紙嘅浸味完全唔同，而且後面嘅exp day鋼印同有貼紙嘅位置都係唔同，即刻掉左。
0,"寫有17.5升,升係容量,17.5升應該係好大包,但收貨發現只係波鞋盒咁上下 size,我覺得一半都冇"
0,衰自己貪平貪新鮮…呢款貓砂有一種詭異嘅綠色同埋綠茶味，一用我主子肚屙左2日同埋手手竟然被染色！😡
0,有一包貓砂碎到咁！麻煩馬上換貨！
0,"原箱買都俾錯貨 用到第3包先見到....zip咗一包平嘅落嚟"
0,我買咗6罐，打開箱除咗其中1罐爆開咗搞到成箱都係濕糧同強烈嘅氣味要我洗餐懵之外，其餘4罐都係凹！ 想點？
0,味道唔錯，但包裝唔得，拆開時已有2罐鮑魚凹左，是否可以更換？
0,取出貨品後，原裝箱底發現不知明污跡，不知是否會影響產品質素.已經購買多次，這次是首次發現有污跡的。請與供應商跟進一下。
0,2塊大細平均，下次會再買。
0,主子就是要吃 奴才也沒辦法
0,價錢合理，已經連續多年使用
0,$55兩支 入定貨 平時閃購星期二都$30一支
0,湯罐送來包裝完好無缺，但湯罐的到期日完全不清晰，請問罐底印字或箱包裝，哪個才是到期日？未清楚到期日，難以放心給喵喵飲用
0,呢間店舖包裝一般，罐頭凹左照比人
0,"泰國製造汁多過雞肉，但偏‘杰’，唔會再揀這款"
0,今日收到貨，有好幾箱砂嘅紙箱已經爛咗，有箱等如冇箱，好難搬，請供應商留意下送貨packing!
0,盒内只有4罐，仲以為自己訂錯左！唔應該搞錯的。
0,未拆開包裝已經聞到枝清潔劑嘅氣味，漏出黎，要求跟進
0,實在太過份，呢度買貴咗六十幾蚊！
0,買四包都唔係原箱送黎 其中一包已不是真空 啲砂又碎又散 越做越差！另外送貨遲到咁多&#40;夜晚8點幾先到&#41;又唔講聲 一啲交帶都冇 搞到浪費左一日假期
0,6罐有3罐係凹，紙皮箱包裝得好好無缺，我相信同運送無關，貨品未入箱已損壞。
0,買6支，有3支嚴重凹陷，好在無爆。嘗試過整理返個紙盒，但搞唔掂無法直立。開咗都要極速飲完，怕橫放喺雪櫃會漏哂出嚟
0,這個一箱27個，跟平時在超市買一條12個相比，質地較粗糙，唔明白點解會有分別😅😅
0,送貨包裝欠保護，外包裝看上去很污糟，貨品外袋還穿了，廚房紙或因此而受污染。
0,就正如之前有人評論一樣，今次既運送服務沒有之前咁好。有大約1/3都被撞到凹凸不平，甚至有1樽係撞到漏水。希望下次係運送既時候可以輕放。
0,買左48罐，當中有18罐都有凹陷。之前買過都正常的，第一次出現呢個情況。希望下次留意一下。
0,已多次購買，但今次這包沒有像往常一般，打開有一股肉乾香味，小朋友亦不喜愛吃，給了她也沒接，就是接了，也放在地下走了開去！
0,兩隻貓咪由介奶後就食喱個。現在佢地分別係4個月同5個月大。我放長糧，早晚就食罐罐。要預備轉食（K36）。
0,"回購多次………之前買少量都一堆贈品……但近幾次每款20-25罐買………一包試食贈品都無…………"
0,買左好多次野 次次都安然無恙 估唔到今次黎到d荳漿有一半包裝爛晒 什至連有啲野飲都爆到起角 好失望
0,貓貓食左，明顯胃口有改善，食多左野
0,貨品送達時，完全包裹著橙色膠紙。打開後，膠樽表面鋪滿灰塵，需要清潔一番，令人擔心樽內水質會否受影響。
0,價錢比零售店平，4包原箱送貨，還有濕糧一包贈品，貓味喜歡
0,已經購買四包裝，可以原箱，為何要拆散用膠袋裝
0,無任何獨立包裝保護貨物😡，連最基本嘅都無，一直都有用hktv mall 購買日常用品亦沒有問題，對此十分失望
0,幸好沒有破損，但下次要注意。 紙盒奶全4盒也凹凸不平
0,"貓砂很好用。剛才收貨，貓砂完全零包裝，其中一包一提起就直接爆開，倒到成地都係。送貨時請提供良好安全的包裝，就算唔入箱都起碼用綑箱膜包一包。"
0,品質差了許多，沒有清新的豆腐味，也不能完全蓋過尿味，失望!!失望!!
0,厠紙品牌有用過，不錯。剛見有優惠價，所以訂購
0,價錢可能與藥房相若，但以盒裝加送貨可算貨真價實
0,回購品，但今次終於証實金色裝比其他同品牌4層紙較窄0.5cm，我家廁紙架沒中軸，導致廁紙滾動時有機會跌出來，唯有小心啲扯廁紙，將貨就價。圖1是金裝廁紙同爽身粉味廁紙筒，圖2是金裝紙筒，圖3上是金裝，下是爽身粉味。
0,這是日常必須品，呢個牌子有信心👍
0,送貨錯誤，找不到你們的電話請聯絡!
0,搽頭髮沒有沒有油膩感！頭髮順咗👍💓
0,"包裝整齊 送貨哥哥又有礼 大熱天時送上門 多謝哂！"
0,味道不錯，唯一改善係包裝。無盒裝只用啪啪紙保護，送到黎都爛爛地！好彩支野無裂。如果唔係好似上次咁，搞到d貨全部係豉油
0,已經購買四包裝，可以原箱，為何要拆散用膠袋裝
0,"$50價錢好吸引 但品質差左，好多粉塵"
0,包裝得好，送到時完整無凹，價錢抵
0,價格與市面相差不大，略嫌偏鹹，唯少吃多滋味。
0,剛剛星期四VIP特價$100買左，星期六全部賣$90，變價真快！
0,不明白不是同Hktv 一齊送貨而另外順豐送又要加錢
0,我買4排低糖菊花茶，卻給我3條低糖+1條全糖的
0,紙質比上次購買的薄很多，下次還會回購要仔細考慮
0,價錢比零售店平，4包原箱送貨，還有濕糧一包贈品，貓味喜歡
0,經常買，而且係屯門廠出品。今次在農曆年後訂，貨品係上海廠出品，而且唔係原整一排四條，是散裝四條，非常失望。一直唔明白點解香港客戶非由本地貨源供應！
0,因為貓貓愛貓抓屋，已經多次回購，但最近發現多隻昆蟲在贈品紙箱附近出現，拆開其中一箱，發現好多小昆蟲，已經即時棄掉，請商家小心檢查後才發貨
0,最近呢箱d湯同以前一直食開唔同左，以前d汁好似湯咁，依家一打開係淺黃色既水咁，到底係製作方法唔同左定點？因為都食左好長時間，一直都唔係咁
0,圖片是盒裝， 要睇字先知道係袋裝， 圖片有誤導
0,好用，價錢好抵👍再次回購😊
0,重購。越用越看到優點，而且價錢平！
0,多次回購，唯獨冇包裝，只有原本膠袋，本來係環保，但因送貨時有勾難面袋導致紙巾外露，有點不衛生。
0,"包裝完整, 可是對比之前買過另一牌子的南極磷蝦, 我家挑食的狗狗不是一聞就吃, 但其實呢罐的蝦都很完整的"
0,送貨準時，貨品包裝📦好
0,"可以清到宿便,但有時個肚好似有D脹住噉"
0,主子難得喜歡&#40; HKTVMALL 選擇性隱藏客人負評，極度失望）的也17歲了。有時泌尿系統會有不適的時候，這種濕糧可以幫助預防膀胱或泌尿系統發炎。
0,"之前用開果隻貓砂會甩色, 除臭效果差, 會出砂塵剷到底見好多粉, 凝結力中規中舉... 想轉好耐😮‍💨網上見好多呢隻貓砂既廣告, 決定試一次😂 結果真係有驚豔到 &#40;究竟係咪上一款太差XD&#41; 除臭力以外地好, 貓貓鍾意尿係邊邊位, 本身好難剷, 都可以一舊剷起, 開包裝倒出黎仲香香地, 絕對會回購! 一分錢一分貨, 剷屎官都要剷得爽😂😂"
0,"看到賣出10萬包以上,就試下買來公司用了,收到時覺得很細包,包裝超可愛,很欣賞中間那條開紙巾包裝的小條紙,細細張其實都OK,用落都冇咩野;紙質方面雖感覺未夠柔軟但抹臉也沒有爛算係咁!會繼續回購給公司用的"
0,其實草飼牛係一定有少少怪怪地嘅騷味，不過比谷飼健康啲，下次大家可以試下先煎香兩面（無需解凍）再放入焗爐焗10分鐘就會剛剛好，多餘油份出左但又唔會overcook，味道亦無咁騷。
0,每次用到剩三片才下單，兩天就送到，不用囤積在家！
0,用2層泡泡紙包著，尚算可以，如果有紙盒包裝就更安全。牛油果油味清淡，沒什麼油煙，瓶口有膠咀，倒出來用很方便。
0,已經回購無數次 但最近兩次 質量都有少少問題 一卷廁紙有四層 期中三層 與第四層 不是夾在一起 用嘅時候 有點麻煩 滿地都係紙碎
0,"訂呢款廚紙已經好多次, 今次嘅紙質唔知點解係超好,好直好乾爽🧐 之前送嚟嘅廚紙好軟好鬆質感一般不知是否受潮關係🤔"
0,懷疑係假貨！我隻貓食開嘅，平時買開行貨，係平滑嘅mousse狀，今次第一次收到有出水又有一舊舊 啲綠綠地嘅嘢，明明平時就唔係咁！隻貓聞到都行開咗，我都唔敢俾佢食即刻掉哂
0,十分幸運地 連續3次在優惠活動期間購買，均因為缺貨而被取消了訂單，可見期優惠活動十分成功！現有多買多平折扣活動，比起前陣子$540/6pc 也是十分吸引，能夠如此浮動定價 實為港人之福 : &#41;
0,取出貨品後，原裝箱底發現不知明污跡，不知是否會影響產品質素.已經購買多次，這次是首次發現有污跡的。請與供應商跟進一下。
0,比另一隻馬來西亞魚旦彈性大些。即鱼肉份量少些。味精極重。鱼旦吞下了，仍嘗到味精在口腔內。咸度亦不輕但被味精蓋了。只试了白鱼旦。
0,"沒有送贈品 因為以購物車為準，要留意！"
0,部分罐頭質量有問題，貓貓食左伊隻罐頭五年以上，近幾日食完罐頭後嘔吐同肚屙。本來吾知係罐頭有問題，但聞番發現有怪味。
0,一片大概一星期換一張 ，方便
0,"已回購多次。佢個數量呢個價錢算好抵。家中三位主子都愛吃。本身以為佢哋係雞肉都鍾意食㗎啦，但試過街買嘅，一啖都唔試，就又買返呢款。我會一粒再撕開十塊八塊比佢哋食，好襟食：）"
0,價錢抵，包裝良好，食用限期超過1年
0,今次買既罐頭打開有酸味，食落都係酸同以往唔同！因為以往曾經買過幾次都無問題，所以無check，但開咗幾罐見貓貓唔食覺得好奇怪，先知原來罐頭壞咗，平台話過咗七日就唔會退款。但講真，邊有人會打開罐頭check有冇問題？仲要無過期
0,"最近2次購買， 有啲貓砂染上了淡淡的紅色. 初時令我懷疑係貓咪問題，後來才發現係最近2次所買的貓砂都係咁 "
0,一包兩件，其中一件是近魚尾的位置。
0,訂後原安排一星期派送，到派送日收到通知要遲4日才送。由於部分貨品已派送完成，無得更改派送日期，以致大失預算。 
0,"貓砂乾淨無味，吸尿一流！價錢便宜～抵用👍🏻👍🏻👍🏻"
0,"用開 用來拖地同洗衫，5L可以用年幾兩年"
0,回購多次了，品質不錯，性價比高。
0,"家有6隻貓其實好搵一個牌子嘅貓糧係隻隻貓都食，食咗咁耐只有Royal canin 係6隻貓都肯食 屋企有6隻都係長毛貓 定時定候需要幫佢哋排吓毛 今次就比佢哋試咗呢一款濕糧 都願食 食完又冇話佢哋屙 會keep住買"
0,"我買咗九罐，有五罐係過期 有兩罐下個月到期"
0,買咗30罐，有一半罐凹都算，拉橫都甩埋真係唔多掂，提醒大家呢間商店寄貨係連popo紙都慳商品零保護，買之前三思。
0,"購買時註明6L,包裝寫6L,但大小同4.5L一樣,重量亦只有4.8"
0,"這30包点解我分幾次買，幾張單，有D仲未送貨，明明有D一定是在有10% mall dollar rebate, 全用citi 比$，结果全部單都冇係rebate，上來看才知其他人力也有相同情况，請跟進"
0,總共買了四Pack檸檬茶，四Pack菊花茶，唯獨是菊花茶唔係一箱完整，呢6包菊花茶用左個紙袋入住，回家後才看見這個情況，有隱瞞嘅狀況
0,等了差不多兩小時還是是找不到工作人員收送貨時間 真是厲害
0,我買了這麼多次從沒有試過這，貨品一打開便受潮了硬度要用物件敲碎，然後有一浸海鮮腥味，快點重新給我送貨
0,"早前訂購的有問題批次的牛奶，HKTV Mall Custmer Service已聯絡可以退款，但是遲遲都沒有收到退款，已發出兩封郵件追查，至今還沒有收到回覆，請跟進。謝謝！訂單編號： H250529089199 HKTVmall Customer Service #12851300"
0,庫存差不多吃光，最近疫情超市都沒有promotor 推廣優惠，剛好這裡價錢尚可接受，每天早餐都愛吃！
0,其中一隻貓貓喜歡吃，湯汁比較多，幫貓貓增加水份吸收，不錯
0,"今次好彩原包裝沒在裸送過程被勾破，可喜可賀。產品性價比本是ok的，唯獨沒包裝下運送…以前曾留言反映過裸送不理想，但不獲理會。平台曾說有指引給商戶賣家，但是否跟從就沒法控制。門市店員說可向客服反映，但像我這些低級會員原來是不能直接與客服對話。"
0,"小朋友大部份都喜歡,現在是嘗試階段,所以每種味都試食,這款給他們選了,再試幾罐就會入貨,但packing總會有碰撞,如果型狀不太差會先用,6罐有3罐撞甩,唔見你們有原箱出售,因為三送貨情形都一樣."
0,貨品平靚正，但今次應該係hktvmall包裝方法問題，2包尿片用大膠紙困綁，中間無故挾了一盒甘草欖，拉開原來尿片袋穿了，下次可否用文明些小的方法包裝出貨？
0,"呢間舖我係用hktvmall 嘅服務前已經幫襯 服務好 速度快 但今次只比4星嘅原因係hktvmall呢個愛講大話嘅客服扣嘅 唔關呢個商品同供應商事"
0,這次的包裝有點失望。上次購買同款2包是用透明膠袋封好的，乾淨又方便；但這次只是簡單地用膠紙捆綁了3包。雖然產品本身沒問題，但這種包裝不僅容易沾灰，提著也容易散開。希望商家能恢復原來的包裝方式，畢竟紙巾是日用品，包裝嚴實點還是比較衛生。
0,包裝有問題，將我所有紙包任飲品，用透明膠紙 困埋一齊， 飲品又有凹陷， 我再將膠紙拆開除低嘅時候亦都會散晒， 我唔能夠將紙包飲品一pat pat放入飲品櫃 要拆散曬 ， 而且都唔係第一次㗎喇，多次都係咁。
0,相比其他品牌比不不足比下不如但可以接受用的
0,這是直送物品，但沒有收取時間的選擇，本來選定2月7日收，變成2月6日送來，還要在便利店取，真好笑
0,第一次購買，贪佢價格便宜些。 以前未用過，抹手時係有纸粉碎。因𤔡粗用，下次可以考虑其他牌子。
0,"最近2次購買， 有啲貓砂染上了淡淡的紅色. 初時令我懷疑係貓咪問題，後來才發現係最近2次所買的貓砂都係咁 "
0,"呢間舖我係用hktvmall 嘅服務前已經幫襯 服務好 速度快 但今次只比4星嘅原因係hktvmall呢個愛講大話嘅客服扣嘅 唔關呢個商品同供應商事"
0,此尿墊是用開的，但近期發現防漏白色尿布位置比之前少咗有1CM以上，希望生產廠可以改善吓！
0,"我買３包原箱出貨，全部都畀錯細SIZE，但工人姐姐唔知情開左一包用，我可以點算？ＰＳ：呢個牌子好用，吸水快，有尿又唔覺眼。"
0,外面包裝有爛，幸好裡面的貨品包裝沒受影響，但見包裝款式與之前連砂盤附送的有少許不同，不知是否新包裝
0,天竺鼠用，換咗呢隻牌子係冇尿味，但本身塊墊有陣淡淡人造嘅香味，本人唔係咁接受到，但各方面係唔錯
0,"貨品好用，多次回購，但實際送貨內容與優惠推廣不一，沒有送到贈品，誤導消費者。在此提醒各位消費者：本以為購買後會附送【維達 Pro-X 3層抽取式特吸萬用廚紙】及【掛牆式面紙】，因為貨品頁面顯示有贈品，但實際收到貨卻沒有附送。售後客服只以“贈品缺貨”敷衍回應，拒絕補發，但連checkout頁面也未有明確提示庫存不足。各位購買前務必認真核實贈品資訊，免受誤導。"
0,"味道好，品質正正常常。初較抵及大隻厚肉的，最近幾次雞細了瘦了，望能保持舊日水準，會再回購"
0,一個字。。。抵用！&#40;≧∇≦&#41;b
0,味道唔錯。 配包咖哩醬汁又一餐。 簡單味美
0,好似粉絲，煮幾分鐘就食得，不會變糊，優惠價格就回購幾次了
0,易碎玻璃瓶只得泡泡紙保護極易破碎，請將包好泡泡紙嘅玻璃瓶放入堅硬紙盒內確保安全。
0,煮金菇黃芽白加肥牛正 個女鍾意食
0,準備母親節吃此東西，見到多人食過及好評，即管試試。
0,"多次回購, 但每次開新罐都需要不停攪勻才可以用"
0,四層衛生紙堅韌，但面積比起三層的較細，雙手比較大的人較為不容易
0,其中一個紙箱濕了，幸好裏面的廁紙沒有影響（只是今次有些問題）
0,唔知係咪因為紙巾上有壓花，令佢賣得貴過四/五盒條裝。如果唔係市面缺貨就唔會考慮。
0,期待再有$48優惠！唔知新包裝會唔會好似同款[4條優惠裝送盒]咁變咗草紙質量?
0,散裝，每27卷一箱，共兩箱，紙箱質量差，可能當天下雨，霉味令人感覺不好。因這些都是衛生用品，基本要求便是衞生的感覺，這次不好！😟
0,兩粒裝夠食一年 &#40;每3個月食半粒&#41;，吾洗買10粒裝咁嘥 &#40;通常1年期，食完2粒，已經過期&#41;。
0,"貓貓用開 請向供應商反映D 貓砂愈來愈長，同埋顏色暗左，以前用係米色"
0,買咗幾次，暫時用過4包，有一包好多粉末，其他都正正常常嘅
0,$168有10 ％回贈，用Citi Bank再有8 ％回贈
01,我是長期回購此商品客戶之一，我於22/11 買落從未開箱，直至見到今日再想訂貨時睇評論先發現，原來我22/11的訂單竟然發現原來係有問題批次，難怪我其中一隻貓貓，近呢兩個月都唔係貓砂兜度去廁所，原來係因為貓砂有問題，而平台/店舖其實係絕對有責任有需要通知受影響客戶，請店舖或者平台盡快幫忙跟進。
0,今次係回購 味道溫和 貓貓冇咁抗拒
0,"$95一包方便抵用 但一時係粗粒一時幼粒 我只想買粗粒完全要撞手神"
0,買的Sapporo 啤酒本身包裝不好容易散，雖然每一pack都有用橡筋，但有幾pack都散開及撞凹變形，希望下次能用紙箱裝著
0,猫猫有早期腎病。食後毛毛滑滑的，每天求吃！對不肯進食的猫，是一種吸引！
0,份量適中，貓咪一次飲一包。比起其他牌子的罐頭湯，無須考慮飲唔晒要保鮮等問題。
0,"請問包裝盒上的日期 2023/09/13 是代表甚麼？是生產日期, 抑或到期日？？"
0,想請問點解同款幼貓糧，你哋大粒咁多嘅？&#40;左係各下店，右係本身食開&#41; thanks
0,久唔久泵頭會漏清潔液&#40;同時出泡&漏至整個瓶身&#41; 已對準矽膠上的出口
0,普通，但相信不夠6L，未開既份量，個袋有大半都係空氣，算細細包易用
0,貓罐頭理應是室溫儲存，過往送來的罐頭都是室溫，但今次送來的罐頭全部都是凍的，好似從冰箱拿出來一樣！這樣的溫度差別會令罐頭容易變壞！你們應小心處理！
0,H181129010935 我訂的是4-12個月配方，但送來的卻是12個月以上配方。
0,牛奶的樽底有凹陷地方，可能是運輸過程中出現問題。
0,見到特價即刻入貨，網頁上寫住買貓糧送貓砂，但今日收貨見唔到有貓砂送，已向人工客服反映。
0,貓貓暫時還喜歡吃，但每餐剩多咗，之前每餐一罐吃哂，帶子越來越小，近乎不見了。
0,倒出全新未開嘅砂，發現有呢啲啡色疑似污糟咗嘅礯竹，請問係咩嚟？ 一直用開，期望快速回覆
0,"買了3包幼貓砂，但來錯了一包粗身的。今次已經是第二次出現來錯貨的問題，上次我以為是自己訂錯，直到今次又錯，我先知是送錯不是訂錯，希望下次不要再出錯😮‍💨😮‍💨"
0,未用，但唔明點解可以咁污糟，到底點樣保存？
0,"這個牌子, 這款味道, 貓貓已食了多年, 但最近購買的批次2027年5月1日到期, 打開了罐頭, 發現質料（食物成份）與往時的有出入, 貓咪也不吃, 要另覓其他牌子的罐罐！：（"
0,收到商品上下封口跟銷售圖片不一樣，怎樣查是否香港行貨？
0,今次包裝上無正貨標籤，之前買係有嘅。但今次唔記得打開之前檢查咗包裝先😅
0,部份紙包飲品嚴重壓扁，雖然客服已經立刻跟進，不過希望可以改善送貨包裝
0,"紙巾一掂水即變紙碎，無原味咁好而且掉廁所 水都會變綠色.."
0,送來時已經有一盒個蓋甩左出來，已經俾送貨員即時收走，請售後幫忙跟進！
0,說是鹽焗雞，我收到的似豉油雞多過是鹽焗雞。味還可以，肉有點un，勉強可以入口。
0,我隻貓食完狂嘔，以為天氣原因令佢嘔，原來係假糧！！！！！！！！
